Number,Reference,DOI,Year,Country_or_Region,Global South,Family,Networks,Links_EE,Links_SS,Links_SE,Links_detail,Nodes_EE,Nodes_SS,Mode,Weight
1,Ancilloto et al 2012,10.1111/j.1439-0310.2011.02016.x,2012,Italy,No,Vespertilionidae,Not SEN,Social interactions,NA,NA,"Social, behavior",Newborn bats in their rearing groups,NA,One-mode,Weighted
2,Andrade et al 2013,10.1644/12-MAMM-A-244.1,2013,Brazil,Yes,Phyllostomidae,Not SEN,Mutualistic interactions,NA,NA,Frugivory and Seed dispersal,Bats and plants. Unipartite projection with niche overlap of bats' diet,NA,Both,Weighted
3,Carter and Wilkinson 2016,10.1098/rspb.2012.2573,2016,USA,No,Phyllostomidae,Not SEN,Social interactions,NA,NA,"Social, behavior",20 Desmodus rotundus in captivity,NA,One-mode,Both
4,Chaverri 2010,10.1007/s00265-010-0975-3,2010,Costa Rica,Yes,Thyropteridae,Not SEN,Use of space,NA,NA,"Social, shared roosts",Individuals of Thyroptera tricolor,NA,One-mode,Binary
5,Cisneros et al 2014,10.1111/1365-2656.12299,2014,Costa Rica,Yes,Phyllostomidae,Not SEN,Metacommunities,NA,NA,Shared species in space,Bat species and sampled areas,NA,Two-mode,Binary
6,Fortuna et al 2009,10.1890/08-0174.1,2009,Spain,No,Vespertilionidae,Not SEN,Use of space,NA,NA,"Social, shared roosts","Individual bats and trees, and trees unipartite projections",NA,Both,Binary
7,García-García et al 2014,10.1177/194008291400700307,2014,Mexico,Yes,Phyllostomidae,Not SEN,Metacommunities,NA,NA,Shared species in space,Bat species and sampled areas,NA,Two-mode,Binary
8,Johnson et al 2012,10.1644/12-MAMM-A-097.1,2012,USA,No,Vespertilionidae,Not SEN,Use of space,NA,NA,"Social, shared roosts",Bats and tres used as day-roosts,NA,Both,Both
9,Kerth et al 2011,10.1098/rspb.2010.2718,2011,Germany,No,Vespertilionidae,Not SEN,Use of space,NA,NA,"Social, shared roosts","Individuals of Myotis bechsteinii from two colonies (one with 11-18 bats, and other with 33-42 bats) along 150 bat boxes and 10 tree cavities",NA,One-mode,Weighted
10,Loayza and Loiselle 2009,10.1644/08-MAMM-A-213R.1,2009,Bolivia,Yes,Phyllostomidae,Not SEN,Metacommunities,NA,NA,Shared species in space,Bat species and sampled areas (Continuous forest and forest islands),NA,Two-mode,Binary
11,Luis et al 2015,10.1111/ele.12491,2015,Global,Yes,Phyllostomidae,Not SEN,Host-pathogen interactions,NA,NA,Shared viruses,Bat and rodent host species,NA,Both,Weighted
12,Mello et al 2011a,10.1371/journal.pone.0017395,2011,Neotropical,Yes,Phyllostomidae,Not SEN,Mutualistic interactions,NA,NA,Frugivory and Seed dispersal,Bats and plants,NA,Two-mode,Binary
13,Mello et al 2011b,10.1007/s00442-011-1984-2,2011,Neotropical,Yes,Phyllostomidae,Not SEN,Mutualistic interactions,NA,NA,Frugivory and Seed dispersal,"Bats, Birds and Plants",NA,One-mode,Binary
14,Mello et al 2015,10.1111/oik.01613,2015,Neotropical,Yes,Phyllostomidae,Not SEN,Mutualistic interactions,NA,NA,Frugivory and Seed dispersal,"Bats, Birds and plants, and animals unipartite projections in 15 networks from Neotropics",NA,Both,Binary
15,Meyer and Kalko 2008,10.1111/j.1472-4642.2007.00462.x,2008,Panama,Yes,Phyllostomidae,Not SEN,Metacommunities,NA,NA,Shared species in space,20 Bat species and 11 islands,NA,Two-mode,Both
16,Muylaert et al 2013,10.1515/mammalia-2012-0103,2013,Brazil,Yes,Phyllostomidae,Not SEN,Mutualistic interactions,NA,NA,Frugivory and Seed dispersal,Individual Sturnira lilium bats and plants,NA,Two-mode,Weighted
17,Muylaert et al 2016,10.1890/15-1757.1,2016,Brazil,Yes,Phyllostomidae,Not SEN,Metacommunities,NA,NA,Shared species in space,31 Bat species and 15 landscapes,NA,Two-mode,Binary
18,Ortega and Maldonado 2006,10.3161/1733-5329(2006)8[485:FIIHGO]2.0.CO;2,2006,Mexico,Yes,Phyllostomidae,Not SEN,Social interactions,NA,NA,"Social, behavior",Individual Artibeus jamaicensis bats in their respsective harem groups.,NA,One-mode,Binary
19,Patriquin et al 2010,10.1007/s00265-010-0905-4,2010,Canada,No,Vespertilionidae,Not SEN,Use of space,NA,NA,"Social, shared roosts",Female individuals of Myotis septentrionalis,NA,One-mode,Weighted
20,Patterson et al 2009,10.1111/j.1600-0587.2008.05727.x,2009,Neotropical,Yes,Phyllostomidae,Not SEN,Host-pathogen interactions,NA,NA,Ectoparasite infestation,Individual bats and fly species,NA,Two-mode,Binary
21,Presley and Willig 2008,10.1111/j.1466-8238.2008.00412.x,2008,Bahamas and Greater Antilles and Lesser Antilles,Yes,Phyllostomidae,Not SEN,Metacommunities,NA,NA,Shared species in space,Bat species and sampled areas,NA,Two-mode,Binary
22,Presley et al 2011,10.1111/j.1466-8238.2011.00738.x,2011,Peru,Yes,Phyllostomidae,Not SEN,Metacommunities,NA,NA,Shared species in space,Bat species and sampled areas,NA,Two-mode,Binary
23,Rhodes et al 2006,10.1111/j.1523-1739.2006.00415.x,2006,Australia,No,Molossidae,Not SEN,Use of space,NA,NA,"Social, shared roosts",Trees used by bats.,NA,One-mode,Binary
24,Rosas-Guerrero et al 2014,10.1111/ele.12224,2014,Global,Yes,Phyllostomidae,Not SEN,Mutualistic interactions,NA,NA,Pollination,"Bats, bees, birds, wasps, flies, moths, beetles, and Plants",NA,Two-mode,Weighted
25,Sarmento et al 2014,10.1590/S1984-46702014000300006,2014,Brazil,Yes,Phyllostomidae,Not SEN,Mutualistic interactions,NA,NA,Frugivory and Seed dispersal,"Bats, Birds and Plants",NA,Two-mode,Binary
26,Struebig et al 2008,10.1016/j.biocon.2008.06.009,2008,Malaysia,Yes,Hipposideridae and Rhinolophidae,Not SEN,Metacommunities,NA,NA,Shared species in space,Bat species and sampled areas,NA,Two-mode,Binary
27,Varzinczak et al 2015,10.1515/mammalia-2014-0117,2015,Brazil,Yes,Phyllostomidae,Not SEN,Metacommunities,NA,NA,Shared species in space,Species and sites and matrix of species co-occurrence,NA,Two-mode,Binary
28,Webber et al 2016,10.1007/s00265-016-2093-3,2016,Canada,No,Vespertilionidae,Not SEN,Use of space,NA,NA,"Social, shared roosts",females of Eptesicus fuscus,NA,One-mode,Weighted
29,Zarazua-Carbajal et al 2016,10.1007/s00436-016-5176-1,2016,Mexico,Yes,Phyllostomidae and Mormoopidae and Noctilionidae,Not SEN,Host-pathogen interactions,NA,NA,Ectoparasite infestation,Bat species and bat flies,NA,Two-mode,Weighted
30,Dzeverin and Vertsimakha 2024,10.1007/s11692-024-09638-3,2024,Ucrane and Russia and Azerbaijan,No,Vespertilionidae,Not SEN,Phenotypic evolution,NA,NA,Evolutionary relationship,Traits of Myotis specimens,NA,One-mode,Weighted
31,Corduneanu et al 2023,10.1186/s12866-023-02836-7,2023,Europe and China and Israel and Mexico and Costa Rica,Yes,Vespertilionidae and Miniopteridae,Not SEN,Host-microbiota interactions,NA,NA,Shared microbiomes,Bat gut microbiome,NA,One-mode,Binary
32,Hale et al 2024,10.1098/rstb.2023.0180,2024,USA,No,NA,Not SEN,Trophic interactions ,NA,NA,Feeding interactions ,Taxonomic species,NA,Two-mode,Binary
33,Sunga et al 2024,10.1038/s41598-023-50191-4,2024,Canada,No,Vespertilionidae,Not SEN,Social interactions,NA,NA,"Social, behavior",Female individuals of Myotis lucifugus,NA,One-mode,Binary
34,Corro et al 2022,10.1080/11956860.2021.2007644,2022,Neotropical,Yes,Phyllostomidae,Not SEN,Mutualistic interactions,NA,NA,Frugivory,Bats and plants,NA,Two-mode,Binary
35,Gorman et al 2023,10.1093/jue/juad005,2023,USA,No,Vespertilionidae,Not SEN,Use of space,NA,NA,"Social, shared roosts",Bats and roost,NA,Both,Weighted
36,Bezerra and Bocchiglieri 2024,10.31687/saremMN.24.31.01.14.e0961,2024,Brazil,Yes,Phyllostomidae and Vespertilionidae and Emballonuridae,Not SEN,Host-pathogen interactions,NA,NA,Ectoparasite infestation,Bat species and bat flies,NA,Two-mode,Weighted
37,Lotfi et al 2023,10.1111/2041-210X.14257,2023,Neotropical,Yes,Phyllostomidae,Not SEN,Mutualistic interactions,NA,NA,Frugivory and Nectarivory,Bats and plants,NA,Two-mode,Binary
38,Biz et al 2023,10.1002/ece3.10527,2023,Neotropical,Yes,Multifamily,Not SEN,Host-pathogen interactions,NA,NA,Ectoparasite infestation,Bat species and bat flies,NA,Two-mode,Weighted
39,Janouskova et al 2023,10.1155/2023/2611577,2023,Brazil,Yes,Phyllostomidae,Not SEN,Spillover infection,NA,NA,Transmission of bat rabies virus between bat roosts and cattle farms,Bat roosts and farms,NA,Both,Weighted
40,Hartman et al 2024,10.1098/rspb.2023.2880,2024,Costa Rica and Panama,Yes,Phyllostomidae,Not SEN,Use of space and social interaction,NA,NA,"Social, behavior ","Individual Desmodus rotundus bats and their switches among roosts, clusters, and partners",NA,One-mode,Weighted
41,Carvajal-Nieto et al 2023,10.21068/2539200X.1079,2023,Colombia,Yes,Phyllostomidae,Not SEN,Mutualistic interactions,NA,NA,Nectarivory and pollinivory,Bats and plants,NA,Two-mode,Weighted
42,Rivera et al 2022,10.3161/15081109ACC2022.24.2.008,2022,Colombia,Yes,Multifamily,Not SEN,Host-pathogen interactions,NA,NA,Ectoparasite infestation,Bat species and bat flies,NA,Two-mode,Weighted
43,Roeleke et al 2022,10.1073/pnas.2203663119,2022,Germany,No,Vespertilionidae,Not SEN,Hunting behavior,NA,NA,"Social, foraging strategy",Individuals of N. noctula,NA,One-mode,Binary
44,Eby et al 2022,10.1038/s41586-022-05506-2,2022,Australia,No,Pteropodidae,Not SEN,Spillover infection,NA,NA,Transmission of Hendra virus between bats and horses,Bats and horses,NA,One-mode,Binary
45,López‑Rivera et al 2024,10.1007/s00436-024-08221-1,2024,Colombia,Yes,Phyllostomidae and Vespertilionidae and Molossidae,Not SEN,Host-pathogen interactions,NA,NA,Ectoparasite infestation,"Bats, bat flies, and hyperparasites",NA,Tripartite,Weighted
46,Kano et al 2024,10.20965/jrm.2024.p0546,2024,In silico,No,Phyllostomidae,Not SEN,Social interactions,NA,NA,"Social, behavior ",Individuals of Desmodus rotundus,NA,One-mode,Weighted
47,Ferreira et al 2020,10.3161/15081109ACC2024.26.1.002,2024,Brazil,Yes,Phyllostomidae,Not SEN,Mutualistic interactions,NA,NA,Seed dispersal,Bats and plants,NA,Two-mode,Weighted
48,Ospina-Perez et al 2023,10.3897/zookeys.1179.103479,2023,Colombia and Venezuela,Yes,Multifamily,Not SEN,Host-pathogen interactions,NA,NA,Ectoparasite infestation,Bats and bat flies,NA,Two-mode,Weighted
49,Bezerra and Bocchiglieri 2022,10.1017/S0031182022001718,2022,Brazil,Yes,Phyllostomidae and Vespertilionidae,Not SEN,Host-pathogen interactions,NA,NA,Ectoparasite infestation,Bats and bat flies,NA,Two-mode,Weighted
50,Ramirez-Martinez and Tlapaya-Romero 2023,10.1016/j.ijppaw.2023.05.001,2023,Mexico,Yes,Mormoopidae and Phyllostomidae and Vespertilionidae,Not SEN,Host-pathogen interactions,NA,NA,Ectoparasite infestation,Bats and bat flies,NA,Two-mode,Weighted
51,Garcia-Herrera et al 2023,10.1093/jmammal/gyac112,2023,Colombia,Yes,Phyllostomidae,Not SEN,Mutualistic interactions,NA,NA,Frugivory,Bats and plants,NA,Two-mode,Weighted
52,Forli and Yartsev 2023,10.1038/s41586-023-06478-7,2023,USA,No,Pteropodidae,Not SEN,Social interactions,NA,NA,"Social, behavior ",Individuals of Rousettus aegyptiacus,NA,One-mode,Weighted
53,Mlynarova et al 2023,10.3390/d15040573,2023,Europe,No,Rhinolophidae and Miniopteridae and Molossidae and Vespertilionidae,Not SEN,Host-pathogen interactions,NA,NA,Ectoparasite infestation,Bats and bat flies,NA,Two-mode,Weighted
54,Estrada‑Pena et al 2023,10.1186/s13071-022-05641-9,2023,Global,Yes,Multifamily,Not SEN,Host-pathogen interactions,NA,NA,Ectoparasite infestation,Bats and Ixodes spp,NA,Two-mode,Weighted
55,Roa et al 2023,10.21068/2539200X.1078,2023,Colombia,Yes,Phyllostomidae,Not SEN,Mutualistic interactions,NA,NA,Seed dispersal,Bats and plants,NA,Two-mode,Binary
56,Diniz and Aguiar ,10.1038/s41598-023-29965-3,2023,Brazil,Yes,Molossidae and Mormoopidae and Phyllostomidae and Vespertilionidae,Not SEN,Mutualistic interactions,NA,NA,Pollination,Bats and plants,NA,Two-mode,Weighted
57,Poon eta al 2023,10.1186/s13071-023-05663-x,2023,China,Yes,Multifamily,Not SEN,Host-pathogen interactions,NA,NA,Ectoparasite infestation,Bats and bat flies,NA,Two-mode,Weighted
58,Sunga et al 2022,10.1016/j.anbehav.2022.09.008,2022,Canada,No,Vespertilionidae,Not SEN,Use of space,NA,NA,"Social, shared roosts",individuals of Myotis lucifugus,NA,One-mode,Weighted
59,Mello et al 2021,10.1016/j.actao.2021.103769,2021,Brazil,Yes,Phyllostomidae,Not SEN,Mutualistic interactions,NA,NA,Seed dispersal,Bats and plants,NA,Two-mode,Weighted
59,Mello et al 2021,10.1016/j.actao.2021.103769,2021,Brazil,Yes,Phyllostomidae,Not SEN,Host-pathogen interactions,NA,NA,Ectoparasite infestation,Bats and bat flies,NA,Two-mode,Weighted
60,Hinojosa et al 2021,10.1007/s42991-021-00144-z,2021,Ecuador,Yes,Phyllostomidae,Not SEN,Mutualistic interactions,NA,NA,Seed dispersal,Bats and plants,NA,Two-mode,Both
61,Mavrodiev et al 2021,10.1038/s41598-020-80946-2,2021,Germany,No,Vespertilionidae,Not SEN,Social interactions,NA,NA,"Social, behavior ",Adult female of Myotis bechsteinii,NA,One-mode,Weighted
62,Corro et al 2021,10.1098/rsbl.2021.0478,2021,Neotropical,Yes,Multifamily,Not SEN,Mutualistic interactions,NA,NA,Frugivory,Bats and plants,NA,Two-mode,Binary
63,Finch et al 2022,10.1016/j.anbehav.2022.03.019,2022,England,No,Rhinolophidae,Not SEN,Social interactions,NA,NA,"Social, behavior ",Individuals of R. ferrumequinum,NA,One-mode,Weighted
64,Bachorec et al 2020,10.1111/jzo.12816,2020,Egypt,Yes,Pteropodidae,Not SEN,Use of space,NA,NA,"Social, shared roosts",Bats and roost,NA,Both,Weighted
65,Groot et al 2020,10.3390/jof6040361,2020,Neotropics and Europe,Yes,Multifamily,Not SEN,Host-pathogen interactions,NA,NA,Ectoparasite infestation,Bats and bat flies and fungi,NA,Tripartite,Weighted
66,Hemprich-Bennett et al 2021,10.1111/mec.16153,2021,Malaysia,Yes,Multifamily,Not SEN,Diet,NA,NA,Predation,Bats and insects,NA,Two-mode,Weighted
67,Alcantara et al 2022 ,10.1016/j.ijpara.2021.10.010,2022,Brazil,Yes,Noctilionidae,Not SEN,Host-pathogen interactions,NA,NA,Ectoparasite infestation,Bats and bat flies,NA,Two-mode,Weighted
68,Ingala et al 2021,10.1002/ece3.7579,2021,Belize,Yes,Multifamily,Not SEN,Trofic interactions,NA,NA,Predation,Bats and preys,NA,Two-mode,Weighted
69,Cordero-Schmidt et al 2021,10.1111/btp.13007,2021,Brazil,Yes,Phyllostomidae,Not SEN,Mutualistic interactions,NA,NA,Pollination,Bats and plants,NA,Two-mode,Both
70,Kading and Kingston 2020,10.1371/journal.pbio.3000947,2020,Global,Yes,Multifamily,SEN,Collaboration between authors,NA,NA,coauthorship,NA,authors,One-mode,Binary
71,Edwards et al 2022,10.1016/j.yhbeh.2022.105228,2022,United Kingdom,No,Pteropodidae,Not SEN,Social interactions,NA,NA,"Social, behavior",Males and females of Pteropus livingstonii,NA,One-mode,Weighted
72,Ferrer–Sanchez and Avila 2022,10.32800/abc.2022.45.0245,2022,Cuba,Yes,Multifamily,Not SEN,Social interactions,NA,NA,"Social, behavior",Individuals of cave bats,NA,One-mode,Weighted
73,Waag et al 2021,10.1002/ece3.7244,2021,USA,No,Vespertilionidae,Not SEN,Social interactions and use of space,NA,NA,"Social, shared roosts",Individuals of Myotis lucifugus,NA,One-mode,Weighted
74,Sunga et al 2021,10.1371/journal.pone.0252471,2021,Canada,No,Vespertilionidae,Not SEN,Social interactions,NA,NA,"Social, shared roosts",Individuals of Myotis lucifugus,NA,One-mode,Weighted
75,Welch et al 2020,10.3390/ani10081321,2020,United Kingdom,No,Pteropodidae,Not SEN,Social interactions,NA,NA,"Social, behavior",Individuals of Pteropus livingstonii,NA,One-mode,Weighted
76,Facao et al 2022,10.3161/15081109ACC2022.24.1.019,2022,Brazil,Yes,Phyllostomidae and Vespertilionidae,Not SEN,Host-pathogen interactions,NA,NA,Ectoparasite infestation,Bats and bat flies,NA,Two-mode,Weighted
77,Pellon et al 2021,10.1093/jmammal/gyaa141,2021,Peru,Yes,Phyllostomidae,Not SEN,Mutualistic interactions,NA,NA,Frugivory,Bats and plants,NA,Two-mode,Weighted
78,Ramalho et al 2021,10.3389/fenvs.2021.752412,2021,Brazil,Yes,Phyllostomidae and Vespertilionidae and Molossidae and Mormoopidae,Not SEN,Host-pathogen interactions,NA,NA,Ectoparasite infestation,Bats and bat flies,NA,Two-mode,Weighted
79,Albery et al 2020,10.1038/s41467-020-16153-4,2020,Global,Yes,Multifamily,Not SEN,Interactions between virus hosts,NA,NA,Viral sharing,Virus and mammals including bats,NA,Both,Binary
80,Kerches-Rogeri 2020,10.1111/1365-2656.13339,2020,Brazil,Yes,Phyllostomidae,Not SEN,Use of landscape resources,NA,NA,Frequency of use of landscape resource by each bat and overlap in the use of landscape resources for each pair of individuals,Bats and landscape resources and individuals of Sturnira lilium,NA,Both,Weighted
81,Regolin et al 2020,10.1071/WR19138,2020,Neotropical,Yes,Multifamily,Not SEN,Mutualistic interactions,NA,NA,Seed dispersal,Bats and plants,NA,Two-mode,Binary
82,Oliveira et al 2022,10.1111/mec.16363,2022,Costa Rica,Yes,Phyllostomidae,Not SEN,Mutualistic interactions,NA,NA,Frugivory,Bats and plants,NA,Two-mode,Weighted
83,Zeus et al 2020,10.1007/s00265-020-02932-y,2020,Germany,No,Vespertilionidae,Not SEN,Social interactions,NA,NA,"Social, behavior",Individuals of Myotis nattereri,NA,One-mode,Weighted
84,Carlson et al 2020,10.1038/s41586-022-04788-w,2020,Global,Yes,Multifamily,Not SEN,Interactions between virus hosts,NA,NA,Viral sharing,Mammals including bats,NA,One-mode,Both
85,Mata et al 2021,10.1002/eap.2457,2021,Portugal,No,Vespertilionidae and Rhinolophidae and Molossidae and Miniopteridae,Not SEN,Diet,NA,NA,Predation,Bats and insects,NA,Two-mode,Weighted
86,Dattilo et al 2020,10.1111/1365-2656.13216,2020,Mexico,Yes,Multifamily,Not SEN,Host-pathogen interactions,NA,NA,Ectoparasite presence,Ectoparasites and mammals including bats,NA,Two-mode,Binary
87,Stockmaier et al 2020,10.1111/1365-2656.13193,2020,Panama,Yes,Phyllostomidae,Not SEN,Social interactions,NA,NA,"Social, behavior",Individuals of Desmodus rotundus,NA,One-mode,Weighted
88,Duran et al 2018,10.3161/15081109ACC2018.20.2.020,2018,Colombia,Yes,Phyllostomidae and Noctilionidae,Not SEN,Host-pathogen interactions,NA,NA,Ectoparasite infestation,Bats and bat flies,NA,Two-mode,Weighted
89,Becker et al 2020,10.1111/mec.15422,2020,Belize,Yes,Multifamily,Not SEN,Evolutionary history to structuring infection patterns and pathogen sharing,NA,NA,Shared genotypes,Bat species,NA,One-mode,Weighted
90,Wells et al 2019,10.1111/geb.13045,2019,Global,Yes,Multifamily,Not SEN,Interactions between virus hosts,NA,NA,Viral sharing,Mammals including bats,NA,One-mode,Weighted
91,Mello et al 2019,10.1038/s41559-019-1002-3,2019,Global,Yes,Multifamily,Not SEN,Mutualistic interactions,NA,NA,Frugivory and Nectarivory,Bats and plants,NA,Two-mode and Multilayer,Binary
92,Saldana-Vazquez et al 2019,10.1007/s00436-019-06452-1,2019,Neotropical,Yes,Multifamily,Not SEN,Host-pathogen interactions,NA,NA,Ectoparasite infestation,Bats and bat flies,NA,Two-mode,Weighted
93,Harten et al 2018 ,10.1126/sciadv.1603293,2018,Israel,No,Pteropodidae,Not SEN,Social interactions,NA,NA,"Social, behavior",Females and males of Rousettus aegyptiacus,NA,One-mode,Weighted
94,Laurindo et al 2017,10.1016/j.actao.2017.06.009,2017,Brazil,Yes,Phyllostomidae,Not SEN,Mutualistic interactions,NA,NA,Frugivory,Bats and plants,NA,Two-mode,Weighted
95,Zeus et al 2018,10.1007/s00265-018-2516-4,2018,Germany,No,Vespertilionidae,Not SEN,Social interactions,NA,NA,"Social, behavior",Individuals of Myotis nattereri,NA,One-mode,Weighted
96,Wilkinson et al 2019,10.1007/s00265-018-2608-1,2019,Mexico and Costa Rica and Germany and Canada and USA and Caribbean,Yes,Emballonuridae and Phyllostomidae and Thyropteridae and Vespertilionidae,Not SEN,Social interactions,NA,NA,"Social, behavior",Females and males of bats,NA,One-mode,Weighted
97,Castano et al 2020,10.1016/j.actao.2020.103550,2020,Colombia,Yes,Phyllostomidae,Not SEN,Mutualistic interactions,NA,NA,Frugivory,Bats and plants,NA,Two-mode,Both
98,Hyzy et al 2020,10.3354/esr01004,2020,USA,No,Vespertilionidae,Not SEN,Use of space,NA,NA,"Social, shared roosts",Bats and roost,NA,Two-mode,Binary
99,Laurindo et al 2020,10.1007/s00442-020-04662-4,2020,Neotropical,Yes,Phyllostomidae,Not SEN,Mutualistic interactions,NA,NA,Seed dispersal,Bats and plants,NA,Two-mode,Weighted
100,Fricke et al 2018,10.1111/gcb.13832,2017,USA,No,Pteropodidae,Not SEN,Mutualistic interactions,NA,NA,Seed dispersal,Plants and frugivorous species including bats,NA,Two-mode,Weighted
101,Le Roux et al 2017,10.1007/s10980-017-0505-z,2017,France,No,Rhinolophidae,Not SEN,Use of space,NA,NA,Corridors,Foraging habitat patches and roost sites,NA,Two-mode,Weighted
102,Ripperger et al 2019,10.1016/j.cub.2019.10.024,2019,Panama,Yes,Phyllostomidae,Not SEN,Social interactions,NA,NA,"Social, behavior",Females of Desmodus rotundus and their offspring,NA,Two-mode,Weighted
103,Rodriguez-Herrera et al 2018,10.3161/15081109ACC2018.20.1.010,2018,Costa Rica,Yes,Phyllostomidae,Not SEN,Use of resource,NA,NA,Use of plant species as tents by bats,Bats and plants,NA,Two-mode,Binary
104,Nieto‐Rabiela et al 2019,10.1111/zph.12618,2019,Global ,Yes,Multifamily,Not SEN,Host-pathogen interactions,NA,NA,Viral sharing,Virus and hosts including bats,NA,Both,Binary
105,Rivera-García et al 2016,10.1017/S0031182016002390,2016,Mexico,Yes,Phyllostomidae and Molossidae and Vespertilionidae,Not SEN,Host-pathogen interactions,NA,NA,Ectoparasite infestation,Bats and bat flies,NA,Two-mode,Weighted
106,Haelewaters et al 2017,10.1186/s13071-017-2022-y,2017,Romania and Hungary,No,Vespertilionidae and Miniopteridae and Rhinolophidae,Not SEN,Host-pathogen interactions,NA,NA,Ectoparasite infestation,Bats and bat flies and fungi,NA,Tripartite,Weighted
107,Hoyt et al 2018,10.1038/s41586-018-0720-z,2018,USA,No,Vespertilionidae,Not SEN,Social interactions,NA,NA,Physical contact or UVF dust,Individuals of Eptesicus fuscus and Myotis lucifugus and Myotis septentrionalis and Perimyotis subﬂavus,NA,One-mode,Binary
108,Andre et al 2019,10.1111/tbed.13290,2019,Brazil,Yes,Phyllostomidae,Not SEN,Evolutionary dynamics,NA,NA,Genetic relationship,Genotypes of Bartonella spp,NA,One-mode,Weighted
109,Bachorec et al 2020,10.1371/journal.pone.0229110,2020,Egypt,Yes,Pteropodidae,Not SEN,Use of space,NA,NA,"Social, shared foraging sites",Males and females of Rousettus aegyptiacus,NA,One-mode,Weighted
110,de Oliveira et al 2020,10.1371/journal.pone.0232601,2020,Costa Rica,Yes,Molossidae,Not SEN,Diet,NA,NA,Predation,Bats and insects,NA,Two-mode,Binary
111,McKee et al 2019,10.3389/fevo.2019.00069,2019,Netherlands and Belgium and Hungary and Romania,No,Vespertilionidae and Miniopteridae and Rhinolophidae,Not SEN,Host-pathogen interactions,NA,NA,Ectoparasite infestation,Bats and bat flies and Bartonella spp,NA,Tripartite,Weighted
112,Claire et al 2019,10.1111/mec.14941,2019,Costa Rica,Yes,Multifamily,Not SEN,Host-pathogen interactions,NA,NA,Ectoparasite infestation,Bats and mites and bat flies,NA,Two-mode,Weighted
112,Claire et al 2019,10.1111/mec.14941,2019,Costa Rica,Yes,Multifamily,Not SEN,Diet,NA,NA,Predation,Bats and insects,NA,Two-mode,Weighted
112,Claire et al 2019,10.1111/mec.14941,2019,Costa Rica,Yes,Multifamily,Not SEN,Mutualistic interactions,NA,NA,Frugivory,Bats and plants,NA,Two-mode,Weighted
112,Claire et al 2019,10.1111/mec.14941,2019,Costa Rica,Yes,Multifamily,Not SEN,Diet,NA,NA,"Parasitism, mutualism and predation ",Bats and plants and insects,,Multiplex,Binary
113,Harten et al 2019,10.1016/j.cub.2019.04.066,2019,Israel,No,Pteropodidae,Not SEN,Social interactions,NA,NA,Social behaviour,Males and females of Rousettus aegyptiacus,NA,One-mode,Weighted
114,Rocha et al 2020,10.1016/j.prevetmed.2019.104809,2020,Brazil,Yes,Phyllostomidae,Not SEN,Use of space,NA,NA,Foraging,Farms and bat roosts,NA,Two-mode,Weighted
114,Rocha et al 2020,10.1016/j.prevetmed.2019.104809,2020,Brazil,Yes,Phyllostomidae,Not SEN,Use of space,NA,NA,Reproduction,Bat roosts,NA,Two-mode,Weighted
115,Ford et al 2016,10.4996/fireecology.1202013,2016,USA,No,Vespertilionidae,Not SEN,Use of space,NA,NA,Use of roost,Bats and roosts,NA,Two-mode,Weighted
116,Fagundes et al 2017,10.6620/ZS.2017.56-22,2017,Brazil,Yes,Phyllostomidae and Emballonuridae and Molossidae,Not SEN,Host-pathogen interactions,NA,NA,Ectoparasite infestation,Bats and bat flies,NA,Two-mode,Weighted
117,Rathinakumar et al 2016,10.1163/1568539X-00003410,2016,India,Yes,Pteropodidae,Not SEN,Social interactions,NA,NA,"Social, behavior",Males and females of Cynopterus sphinx,NA,Both,Weighted
118,Urbano et al 2024,10.1016/j.ijpara.2024.05.001,2024,Colombia,Yes,Phyllostomidae,Not SEN,Host-pathogen interactions,NA,NA,Feeding behavior,Mammals including bats and individuals of Rhodnius prolixus,NA,Two-mode,Weighted
119,Lievano-­Latorre et al 2022,10.1111/btp.13181,2022,Neotropical,Yes,Phyllostomidae,Not SEN,Mutualistic interactions,NA,NA,Pollination,Bats and plants,NA,Two-mode,Binary
120,Millan et al 2024,10.1016/j.cimid.2024.102151,2024,Global,No,Mollossidae and Verpersilionidae and Phyllostomidae,Not SEN,Evolutionary dynamics,NA,NA,Evolutionary relationship,Mammals including bats,NA,One-mode,Binary
121,Junior et al 2020,10.3161/15081109ACC2020.22.1.018,2020,Global ,Yes,Multifamily,Not SEN,Host-pathogen interactions,NA,NA,Ectoparasite infestation,Bats and bat flies,NA,Two-mode,Binary
122,Ancillotto et al 2020,10.1002/ece3.6317,2020,North Africa,Yes,Vespertilionidae,Not SEN,Evolutionary dynamics,NA,NA,Evolutionary relationship,Haplotypes of Plecotus gaisleri and Plecotus gaisleri and Plecotus teneriffae,NA,One-mode,Binary
123,Ramos-Robles et al 2018,10.1080/11956860.2018.1446284,2018,Mexico,Yes,Phyllostomidae,Not SEN,Mutualistic interactions,NA,NA,Frugivory,Bats and plants,NA,Two-mode,Weighted
124,Fischer et al 2018,10.4404/hystrix-00019-2017,2018,Brazil and Bolivia and Paraguay,Yes,Multifamily,Not SEN,Mutualistic interactions,NA,NA,Frugivory,Bats and plants,NA,Two-mode,Binary
124,Fischer et al 2018,10.4404/hystrix-00019-2017,2018,Brazil and Bolivia and Paraguay,Yes,Multifamily,Not SEN,Host-pathogen interactions,NA,NA,Ectoparasite infestation,Bats and bat flies,NA,Two-mode,Binary
125,Cruz-Salazar et al 2019,10.3161/15081109ACC2019.21.2.004,2019,Mexico,Yes,Phyllostomidae,Not SEN,Evolutionary dynamics,NA,NA,Evolutionary relationship,Haplotype of four species of phyllostomid bats,NA,One-mode,Weighted
126,Olivera-Hyde et al 2019,10.1139/cjz-2018-0229,2019,USA,Yes,Vespertilionidae,Not SEN,Evolutionary dynamics,NA,NA,Evolutionary relationship,D-loops haplotype of Myotis septentrionalis,NA,One-mode,Binary
127,Washington et al 2024,10.1073/pnas.2306029121,2024,Neotropical,Yes,Phyllostomidae,Not SEN,Brain networks,NA,NA,Neural activity for brain auditory processing,Auditory cortical regions,NA,One-mode,Weighted